sample_id	total	A	B	C	D	E	F
subject1	100	10	30	40	13.3333333333333	3.33333333333333	3.33333333333333
subject2	100	5	15	15	45	10	10
subject3	100	40	51	2	7	0	0
subject4	100	0	10	20	50	10	10
subject5	100	30	45	10	8.33333333333333	3.33333333333333	3.33333333333333
subject6	100	2	8	10	33.3333333333333	23.3333333333333	23.3333333333333
